"num_species","num_observations_per_deployment","Threshold_Metric_mean","Threshold_Metric_sd","Mean_Metric_mean","Mean_Metric_sd","target"
5,1000,12.6,2.81410588272579,9.66,3.41482211850194,14
5,5000,8.4,2.81410588272579,7.28,1.37862469896853,14
5,10000,7.42,1.67078279603159,7.07,0.7,14
30,1000,81.48,36.3324937350865,52.78,24.8817729726526,14
30,5000,14,0,14,0,14
30,10000,14,0,14,0,14
50,1000,9.52,17.756762831739,113.4,40.40227016324,14
50,5000,14.14,1.4,14,0,14
50,10000,14,0,14,0,14
